id,발생시각,처음확인,마지막변경,권역,보낸곳,출처,지역,건물,건물종류,화재종류,진행상태,등급,신빙성,규모,규모근거,진화,층,아래층물피해,관련기사수,언론사,관련기사,네이버뉴스,네이버블로그,네이버카페
cae37dafe0bb,2026-09-23T02:31:24+09:00,,2026-09-25T01:11:33+09:00,서울 남부,,소방출동,서울특별시 구로구 구로동,,,"일반화재(차량,주택)",진화중,,,,,,,,0,,,,,
cf6420b5c339,2026-09-23T03:08:57+09:00,,2026-09-25T01:11:33+09:00,경기 동부,,소방출동,경기도 구리시 수택동,푸른솔 빌라 인근,주택·빌라,기타화재,진화중,★,,,,,,,0,,,,,
7fa2ccc9de3e,2026-09-23T04:55:47+09:00,,2026-09-25T01:11:33+09:00,인천,,소방출동,인천광역시 미추홀구 용현동,,,"일반화재(차량,주택)",방문가능,★,,,,,,,0,,,,,
25014985589d,2026-09-23T06:23:11+09:00,,2026-09-25T06:03:24+09:00,경기 북부,,소방출동,경기도 남양주시 퇴계원읍 퇴계원리,미래학원 건물,교육·종교,기타화재,진화중,,,,,,,,0,,,0,0,0
c6e7961159ff,2026-09-23T06:38:35+09:00,,2026-09-25T06:03:24+09:00,경기 남부,,소방출동,경기도 수원시 장안구 정자동,,,"일반화재(차량,주택)",방문가능,★★,,,,,,,0,,,0,0,0
c12ef8693d17,2026-09-23T07:23:08+09:00,,2026-09-25T06:03:24+09:00,경기 동부,,소방출동,경기도 광주시 양벌동,,,"일반화재(차량,주택)",진화중,,,,,,,,0,,,0,0,0
90d040b3f67b,2026-09-23T07:55:00+09:00,,2026-09-25T06:03:24+09:00,경기 북부,,소방출동,경기도 고양시 덕양구 신원동,,,"일반화재(차량,주택)",진화중,★,,,,,,,0,,,0,0,0
14566d5d2c91,2026-09-23T08:00:47+09:00,,2026-09-25T06:03:24+09:00,서울 북부,,소방출동,서울특별시 광진구 자양동,,,"일반화재(차량,주택)",진화중,,,,,,,,0,,,0,0,0
c99507710c20,2026-09-23T08:09:36+09:00,2026-09-23T16:38:18.564562+09:00,2026-09-25T06:03:24+09:00,경기 남부,,소방출동,경기도 오산시 가장동,메디안스랩,,"일반화재(차량,주택)",진화중,★,,,,,,,0,,,0,0,0
2555e7180952,2026-09-23T08:15:44+09:00,2026-09-23T16:38:18.564562+09:00,2026-09-25T06:03:24+09:00,경기 남부,,소방출동,경기도 안성시 동본동,,,"일반화재(차량,주택)",진화중,★,,,,,,,0,,,0,0,0
e4b8c047a53d,2026-09-23T09:03:13+09:00,,2026-09-25T06:03:24+09:00,경기 남부,,소방출동,경기도 화성시 동탄구 신동,신동초등학교,교육·종교,기타화재,방문가능,★,,,,,,,0,,,0,0,0
3e14fea73203,2026-09-23T09:16:50+09:00,,2026-09-25T06:03:24+09:00,서울 북부,,소방출동,서울특별시 중랑구 망우동,,,"일반화재(차량,주택)",진화중,,,,,,,,0,,,0,0,0
134ee5fd5e4f,2026-09-23T09:17:09+09:00,,2026-09-25T06:03:24+09:00,서울 북부,,소방출동,서울특별시 성북구 장위동,,,"일반화재(차량,주택)",진화중,,,,,,,,0,,,0,0,0
8cf6abdc80d7,2026-09-23T09:31:00+09:00,,2026-09-25T06:03:24+09:00,경기 북부,,소방출동,경기도 연천군 군남면 진상리,,,"일반화재(차량,주택)",방문가능,★★,,,,,,,0,,,0,0,0
c73a2c321afd,2026-09-23T10:24:52+09:00,,2026-09-25T06:03:24+09:00,경기 남부,,소방출동,경기도 화성시 만세구 향남읍 구문천리,진흥소각장,,"일반화재(차량,주택)",진화중,,,,,,,,0,,,0,0,0
296f753bb842,2026-09-23T10:31:22+09:00,,2026-09-25T06:03:24+09:00,서울 북부,,소방출동,서울특별시 종로구 안국동,,,"일반화재(차량,주택)",방문가능,★★,,,,,,,0,,,0,0,0
d4095fdf0de0,2026-09-23T10:46:00+09:00,,2026-09-25T06:03:24+09:00,경기 남부,,구글뉴스,경기도 화성 양감면,,,,확인필요,,,,,,,,0,,,0,0,0
0dcf465db667,2026-09-23T11:27:18+09:00,,2026-09-25T06:03:24+09:00,서울 남부,,소방출동,서울특별시 관악구 신림동,,,"일반화재(차량,주택)",진화중,★,,,,,,,0,,,0,0,0
30c21c9cb335,2026-09-23T12:08:00+09:00,,2026-09-25T06:03:24+09:00,경기 서부,,소방출동,경기도 시흥시 배곧동,옥된장 건물,,"일반화재(차량,주택)",진화중,,,,,,,,0,,,0,0,0
49a745c074d2,2026-09-23T12:12:24+09:00,,2026-09-25T06:03:24+09:00,서울 남부,,소방출동,서울특별시 강남구 수서동,수서6단지아파트,아파트,"고층건물(3층이상,아파트)",진화중,★★,,,,,,,0,,,0,0,0
b4af18a062c3,2026-09-23T12:17:00+09:00,,2026-09-25T06:03:24+09:00,경기 남부,,소방출동,경기도 평택시 칠괴동,,,"일반화재(차량,주택)",진화중,★,,,,,,,0,,,0,0,0
ef8a450452f6,2026-09-23T12:35:02+09:00,,2026-09-25T06:03:24+09:00,경기 남부,,소방출동,경기도 평택시 통복동,원조시장떡볶이,상가·빌딩,기타화재,진화중,★★,,,,,,,0,,,0,0,0
b41174b56160,2026-09-23T12:35:39+09:00,,2026-09-25T06:03:24+09:00,경기 남부,,구글뉴스,경기도 평택 비전동,,,,확인필요,,,,,,,,0,,,0,0,0
e30f96aa8997,2026-09-23T13:30:08+09:00,,2026-09-25T06:03:24+09:00,인천,,소방출동,인천광역시 미추홀구 용현동,우암빌라,주택·빌라,기타화재,진화중,★,,,,,,,0,,,0,0,0
8cec7d4ef865,2026-09-23T13:40:34+09:00,,2026-09-25T06:03:24+09:00,인천,,소방출동,인천광역시 검단구 당하동,,,"일반화재(차량,주택)",방문가능,★★,,,,,,,0,,,0,0,0
91a237bef780,2026-09-23T14:17:32+09:00,,2026-09-25T06:03:24+09:00,경기 남부,,소방출동,경기도 성남시 중원구 여수동,라온힐요양병원 라온힐요양병원,요양·병원,"일반화재(차량,주택)",방문가능,,,,,,,,0,,,0,0,0
8a6b6e7a6b25,2026-09-23T14:19:02+09:00,,2026-09-25T06:03:24+09:00,서울 북부,,소방출동,서울특별시 중구 회현동1가,,,"일반화재(차량,주택)",진화중,★,,,,,,,0,,,0,0,0
d9d5f7a8b3c8,2026-09-23T15:13:09+09:00,,2026-09-25T06:03:24+09:00,서울 남부,,소방출동,서울특별시 강서구 화곡동,동도 센트리움 오피스텔,상가·빌딩,기타화재,방문가능,★★★,,,,,,,0,,,0,0,0
a129cdefca7f,2026-09-23T16:33:54+09:00,2026-09-23T22:00:17.392017+09:00,2026-09-25T06:03:24+09:00,인천,,소방출동,인천광역시 부평구 갈산동,금강프라자,상가·빌딩,"일반화재(차량,주택)",방문가능,★★,,,,,,,0,,,0,0,0
b7d28719d876,2026-09-23T16:53:39+09:00,2026-09-23T22:00:17.392017+09:00,2026-09-25T06:03:24+09:00,경기 북부,,소방출동,경기도 파주시 야당동,에펠타워,상가·빌딩,"고층건물(3층이상,아파트)",진화중,★,,,,,,,0,,,0,0,0
229ba3fa2ef2,2026-09-23T17:04:47+09:00,2026-09-23T22:00:17.392017+09:00,2026-09-25T06:03:24+09:00,서울 북부,,소방출동,서울특별시 마포구 연남동,서울공공주택연남동희망원룸,주택·빌라,"일반화재(차량,주택)",진화중,★,,,,,,,0,,,0,0,0
484f8dbb6e58,2026-09-23T17:23:46+09:00,2026-09-23T22:00:17.392017+09:00,2026-09-25T06:03:24+09:00,경기 남부,,소방출동,경기도 의왕시 고천동,고천초등학교,교육·종교,기타화재,진화중,,,,,,,,0,,,0,0,0
679c7adef693,2026-09-23T18:13:00+09:00,,2026-09-25T06:03:24+09:00,경기 남부,,소방출동,경기도 성남시 수정구 태평동,1983게러지 맞은편 주택가,주택·빌라,기타화재,방문가능,★★★,,,,,,,0,,,0,0,0
ca799b5ce8c7,2026-09-23T18:26:19+09:00,2026-09-23T22:00:17.392017+09:00,2026-09-25T06:03:24+09:00,경기 북부,,소방출동,경기도 양주시 광적면 우고리,,,"일반화재(차량,주택)",진화중,★,,,,,,,0,,,0,0,0
38f57f877551,2026-09-23T18:42:08+09:00,2026-09-23T22:00:17.392017+09:00,2026-09-25T06:03:24+09:00,인천,,소방출동,인천광역시 연수구 청학동,,,"일반화재(차량,주택)",방문가능,★★,,,,,,,0,,,0,0,0
4c3b7b77ffbd,2026-09-23T18:42:40+09:00,,2026-09-25T06:03:24+09:00,서울 남부,,소방출동,서울특별시 강남구 일원동,샘터마을아파트,아파트,"일반화재(차량,주택)",확인필요,★★,,,,,,,0,,,0,0,0
68c404b4cbc3,2026-09-23T19:11:38+09:00,2026-09-23T22:00:17.392017+09:00,2026-09-25T06:03:24+09:00,인천,,소방출동,인천광역시 부평구 부평동,,,"고층건물(3층이상,아파트)",방문가능,★★★,,,,,,,0,,,0,0,0
11f500850b33,2026-09-23T19:40:46+09:00,2026-09-23T22:00:17.392017+09:00,2026-09-25T06:03:24+09:00,경기 남부,,소방출동,경기도 오산시 세교동,시립세마어린이집,교육·종교,기타화재,진화중,,,,,,,,0,,,0,0,0
ce464f9a861a,2026-09-23T20:08:37+09:00,2026-09-23T22:00:17.392017+09:00,2026-09-25T06:03:24+09:00,서울 남부,,소방출동,서울특별시 강서구 화곡동,,,"일반화재(차량,주택)",진화중,★,,,,,,,0,,,0,0,0
131d553a42bf,2026-09-23T20:46:27+09:00,,2026-09-25T06:03:24+09:00,경기 서부,,소방출동,경기도 김포시 대곶면 대벽리,,,"일반화재(차량,주택)",방문가능,★★,,,,,,,0,,,0,0,0
011146c6fb66,2026-09-23T20:55:07+09:00,2026-09-23T22:00:17.392017+09:00,2026-09-25T06:03:24+09:00,경기 북부,,소방출동,경기도 양주시 삼숭동,나래아파트,아파트,기타화재,진화중,★★,,,,,,,0,,,0,0,0
119ca2143bd6,2026-09-23T21:20:14+09:00,,2026-09-25T06:03:24+09:00,경기 서부,,소방출동,경기도 안산시 상록구 일동,햇빛 요양원,요양·병원,기타화재,진화중,,,,,,,,0,,,0,0,0
0942d62039a5,2026-09-23T21:23:25+09:00,2026-09-23T22:00:17.392017+09:00,2026-09-25T06:03:24+09:00,서울 북부,,소방출동,서울특별시 노원구 하계동,아주아파트,아파트,"고층건물(3층이상,아파트)",진화중,★★,,,,,,,0,,,0,0,0
3ce7eda18137,2026-09-23T21:45:41+09:00,2026-09-23T22:00:17.392017+09:00,2026-09-25T06:03:24+09:00,인천,,소방출동,인천광역시 검단구 오류동,,,"대형화재(시장,공장)",진화중,,,,,,,,0,,,0,0,0
8d0e9af88993,2026-09-23T21:50:18+09:00,,2026-09-25T06:03:24+09:00,인천,,소방출동,인천광역시 남동구 구월동,느낌호텔,숙박,"일반화재(차량,주택)",진화중,,,,,,,,0,,,0,0,0
42cf7f61a1b9,2026-09-23T23:42:47+09:00,,2026-09-25T06:03:24+09:00,경기 북부,,소방출동,경기도 포천시 신북면 기지리,,,"일반화재(차량,주택)",방문가능,★★,,,,,,,0,,,0,0,0
6ad7df199c09,2026-09-23T23:47:03+09:00,,2026-09-25T06:03:24+09:00,서울 북부,,소방출동,서울특별시 용산구 이태원동,,,"일반화재(차량,주택)",진화중,,,,,,,,0,,,0,0,0
3ac454f2bd1c,2026-09-23T23:47:58+09:00,,2026-09-25T06:03:24+09:00,서울 남부,,소방출동,서울특별시 영등포구 영등포동8가,영등포삼환아파트,아파트,"일반화재(차량,주택)",진화중,★,,,,,,,0,,,0,0,0
f40062173afa,2026-09-24T00:41:12+09:00,,2026-09-25T06:03:24+09:00,인천,,소방출동,인천광역시 남동구 남촌동,주)창성,,"대형화재(시장,공장)",확인필요,,,,,,,,0,,,0,0,0
04ee667e7ff0,2026-09-24T00:49:11+09:00,,2026-09-25T06:03:24+09:00,서울 북부,,소방출동,서울특별시 광진구 중곡동,,,"일반화재(차량,주택)",진화중,,,,,,,,0,,,0,0,0
06a83d736884,2026-09-24T01:17:25+09:00,,2026-09-25T06:03:24+09:00,서울 남부,,소방출동,서울특별시 강서구 염창동,삼성관음아파트,아파트,"고층건물(3층이상,아파트)",진화중,★,,,,,,,0,,,0,0,0
5b9ed48e4c47,2026-09-24T01:37:09+09:00,,2026-09-25T06:03:24+09:00,경기 북부,,소방출동,경기도 파주시 와동동,가람마을2단지,아파트,기타화재,진화중,★★,,,,,,,0,,,0,0,0
9c11b39a717f,2026-09-24T01:50:01+09:00,,2026-09-25T06:03:24+09:00,경기 북부,,소방출동,경기도 남양주시 와부읍 덕소리,신암밀리안아파트 21층 추정,아파트,"일반화재(차량,주택)",진화중,★,,,,,,,0,,,0,0,0
3c356eb52acc,2026-09-24T02:41:44+09:00,,2026-09-25T06:03:24+09:00,서울 북부,,소방출동,서울특별시 노원구 중계동,,,"일반화재(차량,주택)",진화중,,,,,,,,0,,,0,0,0
c4fdbbd914f3,2026-09-24T03:11:39+09:00,,2026-09-25T06:03:24+09:00,경기 서부,,소방출동,경기도 광명시 소하동,휴먼시아6단지아파트 606동,아파트,기타화재,진화중,★★,,,,,,,0,,,0,0,0
7adb802ea4cb,2026-09-24T03:14:05+09:00,,2026-09-25T06:03:24+09:00,서울 남부,,소방출동,서울특별시 영등포구 양평동6가,,,"고층건물(3층이상,아파트)",진화중,★,,,,,,,0,,,0,0,0
1d0406f42f01,2026-09-24T03:19:09+09:00,,2026-09-25T06:03:24+09:00,서울 남부,,소방출동,서울특별시 강서구 마곡동,,,"일반화재(차량,주택)",진화중,,,,,,,,0,,,0,0,0
30325a27d4be,2026-09-24T04:26:48+09:00,,2026-09-25T06:03:24+09:00,서울 남부,,소방출동,서울특별시 서초구 우면동,연구2단지,아파트,기타화재,진화중,★★,,,,,,,0,,,0,0,0
e37ef62bcf8b,2026-09-24T04:43:03+09:00,,2026-09-25T06:03:24+09:00,경기 남부,,소방출동,경기도 화성시 만세구 팔탄면 율암리,11동 이도정밀,,"일반화재(차량,주택)",진화중,★,,,,,,,0,,,0,0,0
0c3645d64f10,2026-09-24T05:19:57+09:00,,2026-09-25T06:03:24+09:00,경기 북부,,소방출동,경기도 양주시 산북동,한승아파트,아파트,"일반화재(차량,주택)",진화중,★★,,,,,,,0,,,0,0,0
fb49153c9dc6,2026-09-24T05:45:07+09:00,,2026-09-25T06:03:24+09:00,인천,,소방출동,인천광역시 계양구 계산동,하나아파트,아파트,"고층건물(3층이상,아파트)",방문가능,★★,,,,,,,0,,,0,0,0
ed9a2d9986bd,2026-09-24T05:54:34+09:00,,2026-09-25T06:03:24+09:00,인천,,소방출동,인천광역시 옹진군 백령면 연화리,,,"일반화재(차량,주택)",방문가능,★,,,,,,,0,,,0,0,0
d00ce4416d06,2026-09-24T06:53:11+09:00,2026-09-24T08:55:14.856166+09:00,2026-09-25T06:03:24+09:00,경기 북부,,소방출동,경기도 포천시 신북면 기지리,윤중아파트 맞은 편 공장추정,아파트,기타화재,진화중,★★,,,,,,,0,,,0,0,0
4c14759527b0,2026-09-24T07:01:03+09:00,,2026-09-25T06:03:24+09:00,경기 서부,,소방출동,경기도 부천시 소사구 송내동,현대종합상가,상가·빌딩,기타화재,진화중,★★,,,,,,,0,,,0,0,0
d5527a105aba,2026-09-24T07:33:12+09:00,2026-09-24T08:55:14.856166+09:00,2026-09-25T06:03:24+09:00,경기 북부,,구글뉴스,경기도 양주 산북동,,,,확인필요,,,,,,,,0,,,0,0,0
6f3386b1ce08,2026-09-24T07:36:31+09:00,2026-09-24T08:55:14.856166+09:00,2026-09-25T06:03:24+09:00,경기 남부,,소방출동,경기도 수원시 팔달구 인계동,,,"일반화재(차량,주택)",진화중,,,,,,,,0,,,0,0,0
3c203345ce3c,2026-09-24T07:51:47+09:00,,2026-09-25T06:03:24+09:00,서울 남부,,구글뉴스,서울특별시 강서 마곡동,,,,확인필요,,,,,,,,0,,,0,0,0
021af0c4a008,2026-09-24T07:58:00+09:00,2026-09-24T08:55:14.856166+09:00,2026-09-25T06:03:24+09:00,경기 북부,,소방출동,경기도 의정부시 의정부동,,,"일반화재(차량,주택)",방문가능,★★,,,,,,,0,,,0,0,0
392b7eaebdb2,2026-09-24T08:38:26+09:00,,2026-09-25T06:03:24+09:00,서울 남부,,소방출동,서울특별시 영등포구 대림동,,,"일반화재(차량,주택)",진화중,,,,,,,,0,,,0,0,0
0041d86cff05,2026-09-24T08:43:05+09:00,,2026-09-25T06:03:24+09:00,서울 남부,,소방출동,서울특별시 송파구 잠실동,가산하우스,주택·빌라,기타화재,진화중,★,,,,,,,0,,,0,0,0
35287d93da1e,2026-09-24T11:23:20+09:00,,2026-09-25T06:03:24+09:00,서울 북부,,소방출동,서울특별시 성북구 정릉동,대선빌딩,상가·빌딩,"일반화재(차량,주택)",확인필요,★,,,,,,,0,,,0,0,0
7695b58ae8dc,2026-09-24T14:05:35+09:00,,2026-09-25T06:03:24+09:00,서울 남부,,소방출동,서울특별시 동작구 노량진동,,,"일반화재(차량,주택)",진화중,★,,,,,,,0,,,0,0,0
2ea21ac0d5e6,2026-09-24T14:18:43+09:00,,2026-09-25T06:03:24+09:00,인천,,소방출동,인천광역시 영종구 중산동,,,"고층건물(3층이상,아파트)",진화중,★★,,,,,,,0,,,0,0,0
5a191eb751f4,2026-09-24T15:53:12+09:00,2026-09-24T23:43:19.042871+09:00,2026-09-25T06:03:24+09:00,경기 남부,사장님,소방출동,경기도 안양시 동안구 평촌동,초원대림 지하주차장 기계실,,"일반화재(차량,주택)",방문가능,★★,,,,,,,0,,,0,0,0
bd4c2a87719e,2026-09-24T16:36:40+09:00,2026-09-24T23:43:19.042871+09:00,2026-09-25T06:03:24+09:00,경기 남부,사장님,소방출동,경기도 안성시 미양면 후평리,신두만곡로,,"일반화재(차량,주택)",진화중,,,,,,,,0,,,0,0,0
dea8b7b922e8,2026-09-24T16:39:39+09:00,,2026-09-25T06:03:24+09:00,경기 남부,,소방출동,경기도 수원시 권선구 고색동,금호리첸시아퍼스티지  오피스텔 101동 앞 사거리,상가·빌딩,기타화재,방문가능,★★★,,,,,,,0,,,0,0,0
fd3392d915bf,2026-09-24T17:23:58+09:00,,2026-09-25T06:03:24+09:00,인천,,소방출동,인천광역시 계양구 계산동,,,"일반화재(차량,주택)",방문가능,★★,,,,,,,0,,,0,0,0
053b768d5743,2026-09-24T17:33:45+09:00,,2026-09-25T06:03:24+09:00,인천,,소방출동,인천광역시 서해구 가좌동,대성로얄빌라,주택·빌라,기타화재,진화중,★,,,,,,,0,,,0,0,0
d22352a0235b,2026-09-24T17:34:59+09:00,2026-09-24T23:43:19.042871+09:00,2026-09-25T06:03:24+09:00,경기 동부,사장님,소방출동,경기도 양평군 강상면 병산리,,,"일반화재(차량,주택)",진화중,★,,,,,,,0,,,0,0,0
75b633f579cc,2026-09-24T17:49:34+09:00,,2026-09-25T06:03:24+09:00,서울 북부,,소방출동,서울특별시 서대문구 홍은동,,,"일반화재(차량,주택)",진화중,★,,정보없음,,,,,0,,,0,0,0
e135853c1664,2026-09-24T17:52:40+09:00,,2026-09-25T06:03:24+09:00,인천,,소방출동,인천광역시 미추홀구 숭의동,광해리드빌,주택·빌라,"고층건물(3층이상,아파트)",진화중,★,,정보없음,,,,,0,,,0,0,0
8f90eca452e2,2026-09-24T18:40:32+09:00,2026-09-24T23:43:19.042871+09:00,2026-09-25T06:03:24+09:00,인천,사장님,소방출동,인천광역시 부평구 십정동,,,"대형화재(시장,공장)",방문가능,★,,정보없음,,,,,0,,,0,0,0
238d5495276b,2026-09-24T18:44:10+09:00,2026-09-24T23:43:19.042871+09:00,2026-09-25T06:03:24+09:00,경기 동부,사장님,소방출동,경기도 광주시 남한산성면 오전리,,,"일반화재(차량,주택)",진화중,★,,정보없음,,,,,0,,,0,0,0
b863504463a8,2026-09-24T18:53:41+09:00,2026-09-24T23:43:19.042871+09:00,2026-09-25T06:03:24+09:00,서울 남부,사장님,소방출동,서울특별시 송파구 잠실동,주공아파트,아파트,"고층건물(3층이상,아파트)",진화중,★★,,정보없음,,,,,0,,,0,0,0
5f991297fb9d,2026-09-24T19:10:00+09:00,,2026-09-25T06:03:24+09:00,경기 서부,,소방출동,경기도 부천시 원미구 원미동,,,"일반화재(차량,주택)",방문가능,★★,,정보없음,,,,,0,,,0,0,0
0af4c011cfd5,2026-09-24T19:19:50+09:00,2026-09-24T23:43:19.042871+09:00,2026-09-25T06:03:24+09:00,인천,사장님,소방출동,인천광역시 제물포구 화수동,화도진그린빌 주공아파트,아파트,기타화재,진화중,★★,공식,정보없음,,,,,0,,,0,0,0
8ec8d351c142,2026-09-24T19:27:06+09:00,2026-09-24T23:43:19.042871+09:00,2026-09-25T06:03:24+09:00,경기 서부,사장님,소방출동,경기도 김포시 구래동,구래역화성파크드림@ 103동 -,,"고층건물(3층이상,아파트)",방문가능,★★★,공식,정보없음,,,,,0,,,0,0,0
3743d7c25b40,2026-09-24T19:32:45+09:00,2026-09-24T23:43:19.042871+09:00,2026-09-25T06:03:24+09:00,경기 남부,사장님,소방출동,경기도 화성시 만세구 향남읍 평리,엘가~탑 모텔 사이건물,숙박,기타화재,진화중,,공식,정보없음,,,,,0,,,0,0,0
608efdeeb532,2026-09-24T20:04:51+09:00,,2026-09-25T06:03:24+09:00,경기 남부,,소방출동,경기도 오산시 부산동,운암주공3단지,아파트,기타화재,방문가능,★★★,공식,정보없음,,,,,0,,,0,0,0
2cd51881eb5f,2026-09-24T20:23:37+09:00,,2026-09-25T06:03:24+09:00,경기 남부,,소방출동,경기도 용인시 기흥구 상하동,,,"일반화재(차량,주택)",방문가능,★★,공식,정보없음,,,,,0,,,0,0,0
9afd3bee8f3f,2026-09-24T20:23:59+09:00,2026-09-24T23:43:19.042871+09:00,2026-09-25T06:03:24+09:00,인천,사장님,소방출동,인천광역시 남동구 도림동,신일유니빌4차,주택·빌라,기타화재,진화중,★,공식,정보없음,,,,,0,,,0,0,0
20720e9749e8,2026-09-24T20:31:39+09:00,2026-09-24T23:43:19.042871+09:00,2026-09-25T06:03:24+09:00,인천,사장님,소방출동,인천광역시 연수구 연수동,,,"일반화재(차량,주택)",진화중,★,공식,정보없음,,,,,0,,,0,0,0
fc6f3d343ae1,2026-09-24T20:35:56+09:00,,2026-09-25T06:03:24+09:00,인천,,소방출동,인천광역시 강화군 선원면 창리,,,"일반화재(차량,주택)",방문가능,★★,공식,정보없음,,,,,0,,,0,0,0
02b8824c2727,2026-09-24T21:00:35+09:00,2026-09-24T23:43:19.042871+09:00,2026-09-25T06:03:24+09:00,경기 남부,사장님,소방출동,경기도 평택시 청북읍 고잔리,,,"일반화재(차량,주택)",방문가능,★★,공식,정보없음,,,,,0,,,0,0,0
6082c3e073a8,2026-09-24T21:04:12+09:00,,2026-09-25T06:03:24+09:00,경기 서부,,소방출동,경기도 시흥시 물왕동,,,"일반화재(차량,주택)",방문가능,★★,공식,정보없음,,,,,0,,,0,0,0
68d599dde89f,2026-09-24T21:54:21+09:00,,2026-09-25T06:03:24+09:00,경기 북부,,소방출동,경기도 고양시 덕양구 화정동,은빛 11단지 1106동,아파트,"일반화재(차량,주택)",진화중,★★,공식,정보없음,,,,,0,,,0,0,0
2399bdff11a7,2026-09-24T22:04:54+09:00,,2026-09-25T06:03:24+09:00,경기 남부,,소방출동,경기도 성남시 분당구 금곡동,청솔마을9단지,아파트,"일반화재(차량,주택)",방문가능,★★★,공식,정보없음,,,,,0,,,0,0,0
aab7c0b447d7,2026-09-24T22:30:08+09:00,2026-09-24T23:43:19.042871+09:00,2026-09-25T06:03:24+09:00,경기 서부,사장님,소방출동,경기도 시흥시 하상동,연꽃마을태평아파트 인근,아파트,기타화재,진화중,★★,공식,정보없음,,,,,0,,,0,0,0
583db04277de,2026-09-24T22:41:43+09:00,2026-09-24T23:43:19.042871+09:00,2026-09-25T06:03:24+09:00,인천,사장님,소방출동,인천광역시 부평구 갈산동,두산아파트,아파트,"고층건물(3층이상,아파트)",방문가능,★★★,공식,정보없음,,,,,0,,,0,0,0
0af86c66f6f9,2026-09-24T22:48:56+09:00,2026-09-24T23:43:19.042871+09:00,2026-09-25T06:03:24+09:00,서울 북부,사장님,소방출동,서울특별시 용산구 서빙고동,,,"일반화재(차량,주택)",진화중,★,공식,정보없음,,,,,0,,,0,0,0
db573ef3c1ba,2026-09-24T23:42:18+09:00,,2026-09-25T06:03:24+09:00,경기 동부,사장님,소방출동,경기도 광주시 도척면 도웅리,펜션빌라,숙박,기타화재,진화중,,공식,정보없음,,,,,0,,,0,0,0
65522aee3c17,2026-09-24T23:53:35+09:00,,2026-09-25T14:18:22+09:00,인천,,소방출동,인천광역시 서해구 경서동,,,"일반화재(차량,주택)",진화중,,공식,정보없음,,,,,0,,,0,0,0
9542878d1509,2026-09-24T23:53:37+09:00,,2026-09-25T14:18:22+09:00,경기 남부,권역방,소방출동,경기도 용인시 기흥구 상하동,효담어르신주간보호센터,상가·빌딩,기타화재,진화중,★,공식,정보없음,,,,,0,,,0,0,0
ed2d44f690b0,2026-09-24T23:54:04+09:00,,2026-09-25T14:18:22+09:00,서울 북부,권역방,소방출동,서울특별시 강북구 미아동,,,"일반화재(차량,주택)",진화중,,공식,정보없음,,,,,0,,,0,0,0
540d3d720363,2026-09-25T00:28:41+09:00,,2026-09-25T09:28:08+09:00,서울 남부,사장님,소방출동,서울특별시 금천구 시흥동,희명병원,요양·병원,"일반화재(차량,주택)",진화중,,공식,정보없음,,,,,0,,,0,0,0
a4f1973f79fe,2026-09-25T01:34:52+09:00,,2026-09-25T06:03:24+09:00,경기 남부,권역방,소방출동,경기도 평택시 합정동,수하우스 비동,주택·빌라,기타화재,진화중,★,공식,정보없음,,,,,0,,,0,0,0
63d7c4d143dd,2026-09-25T01:47:13+09:00,,2026-09-25T14:18:22+09:00,경기 남부,권역방,소방출동,경기도 안성시 대덕면 모산리,비봉주택 6동 302호 신고자 신고,주택·빌라,기타화재,방문가능,★★,공식,정보없음,,,,,0,,,0,0,0
f6d57a4a4fb2,2026-09-25T04:13:51+09:00,,2026-09-25T07:16:48+09:00,인천,권역방,소방출동,인천광역시 연수구 송도동,송도 AT센터,상가·빌딩,"일반화재(차량,주택)",진화중,★,공식,정보없음,,,,,0,,,0,0,0
7297d5bff467,2026-09-25T05:11:08+09:00,,2026-09-25T19:30:52+09:00,서울 남부,사장님,소방출동,서울특별시 강서구 등촌동,센트럴시티,,"일반화재(차량,주택)",진화중,,공식,정보없음,,,,,0,,,0,0,0
cb7986c33533,2026-09-25T05:15:31+09:00,,2026-09-25T07:16:48+09:00,경기 서부,사장님,소방출동,경기도 안산시 단원구 선감동,선돌바다향기 펜션 앞,숙박,기타화재,진화중,,공식,정보없음,,,,,0,,,0,0,0
2a58d75a8dad,2026-09-25T06:01:05+09:00,,2026-09-25T19:30:52+09:00,인천,사장님,소방출동,인천광역시 계양구 갈현동,,,"일반화재(차량,주택)",진화중,,공식,정보없음,,,,,0,,,0,0,0
d69ba491d038,2026-09-25T06:18:27+09:00,,2026-09-25T19:30:52+09:00,인천,권역방,소방출동,인천광역시 계양구 동양동,동양동 휴먼빌아파트,아파트,"고층건물(3층이상,아파트)",진화중,,공식,정보없음,,,,,0,,,0,0,3
2439bc09d71c,2026-09-25T06:45:00+09:00,,2026-09-25T09:28:08+09:00,경기 남부,사장님,소방출동,경기도 화성시 효행구 정남면 귀래리,,,"일반화재(차량,주택)",진화중,,공식,정보없음,,,,,0,,,0,0,1
9d4d3f961a3b,2026-09-25T07:46:23+09:00,,2026-09-25T14:18:22+09:00,경기 북부,사장님,소방출동,경기도 포천시 일동면 기산리,,,"일반화재(차량,주택)",진화중,,공식,정보없음,,,,,0,,,0,0,0
80188a6cea15,2026-09-25T09:44:19+09:00,2026-09-25T14:18:06.653460+09:00,2026-09-25T14:18:22+09:00,경기 북부,권역방,소방출동,경기도 남양주시 화도읍 차산리,광암빌딩,상가·빌딩,기타화재,방문가능,★★★,공식,정보없음,,,,,0,,,0,0,0
568134e63b83,2026-09-25T10:24:15+09:00,,2026-09-25T19:30:52+09:00,서울 북부,사장님,소방출동,서울특별시 강북구 미아동,,,"일반화재(차량,주택)",확인필요,★,공식,정보없음,,,,,0,,,0,0,2
49c2a069706c,2026-09-25T10:58:31+09:00,,2026-09-25T14:18:22+09:00,경기 남부,사장님,소방출동,경기도 수원시 팔달구 구천동,신흥톱공구 옆 빌라,주택·빌라,기타화재,방문가능,★★★,공식,정보없음,,,,,0,,,0,0,0
12599c628dd6,2026-09-25T12:24:54+09:00,2026-09-25T14:18:06.653460+09:00,2026-09-25T14:18:22+09:00,경기 서부,사장님,소방출동,경기도 김포시 양촌읍 양곡리,신양고등학교,교육·종교,기타화재,방문가능,,공식,정보없음,,,,,0,,,0,0,0
481689a6d72a,2026-09-25T12:43:00+09:00,,2026-09-25T14:18:22+09:00,경기 남부,권역방,소방출동,경기도 용인시 기흥구 중동,세종오피스텔,상가·빌딩,기타화재,방문가능,★★★,공식,정보없음,,,,,0,,,0,0,1
77f05f615e40,2026-09-25T13:27:00+09:00,2026-09-25T14:18:06.653460+09:00,2026-09-25T14:18:22+09:00,경기 북부,권역방,소방출동,경기도 양주시 덕계동,태성그린빌라 3동,주택·빌라,"일반화재(차량,주택)",진화중,,공식,정보없음,,,,,0,,,0,0,0
ebfc5bf6993f,2026-09-25T13:32:52+09:00,2026-09-25T14:18:06.653460+09:00,2026-09-25T14:18:22+09:00,경기 북부,사장님,소방출동,경기도 남양주시 진접읍 내곡리,,,"일반화재(차량,주택)",곧가능,★,공식,정보없음,,,,,0,,,0,0,0
b5c0ddbab1ec,2026-09-25T14:06:34+09:00,2026-09-25T14:18:06.653460+09:00,2026-09-25T14:18:22+09:00,경기 동부,사장님,소방출동,경기도 여주시 가남읍 신해리,,,"일반화재(차량,주택)",방문가능,★★,공식,정보없음,,,,,0,,,0,0,0
9f31b34b441e,2026-09-25T15:42:32+09:00,,2026-09-25T19:30:52+09:00,인천,사장님,소방출동,인천광역시 미추홀구 용현동,B동,,"일반화재(차량,주택)",방문가능,★★,공식,정보없음,,,,,0,,,0,0,0
7b2870f65366,2026-09-25T16:07:32+09:00,2026-09-25T19:30:29.841066+09:00,2026-09-25T19:30:52+09:00,서울 북부,사장님,소방출동,서울특별시 도봉구 도봉동,해밀마을1차,,"일반화재(차량,주택)",확인필요,★,공식,정보없음,,,,,0,,,0,0,0
ddb9f1e662e1,2026-09-25T16:07:49+09:00,,2026-09-25T19:30:52+09:00,서울 남부,권역방,소방출동,서울특별시 강남구 수서동,수서6단지아파트,아파트,"일반화재(차량,주택)",진화중,★★,공식,정보없음,,,,,0,,,0,2,5
2358d6b1d014,2026-09-25T16:14:14+09:00,2026-09-25T19:30:29.841066+09:00,2026-09-25T19:30:52+09:00,경기 남부,사장님,소방출동,경기도 안성시 석정동,한경국립대학교 제1농학관,교육·종교,"일반화재(차량,주택)",방문가능,,공식,정보없음,,,,,0,,,0,0,0
f33bc43c22e4,2026-09-25T16:30:42+09:00,,2026-09-25T19:30:52+09:00,서울 북부,권역방,소방출동,서울특별시 동대문구 용두동,래미안 허브리츠,아파트,"일반화재(차량,주택)",확인필요,★★,공식,정보없음,,,,,0,,,0,0,3
27d5e685eb31,2026-09-25T16:45:43+09:00,,2026-09-25T19:30:52+09:00,서울 북부,사장님,소방출동,서울특별시 광진구 중곡동,,,"일반화재(차량,주택)",확인필요,★,공식,정보없음,,,,,0,,,0,0,2
c83f9eb15bd1,2026-09-25T17:07:36+09:00,2026-09-25T19:30:29.841066+09:00,2026-09-25T19:30:52+09:00,경기 남부,권역방,소방출동,경기도 오산시 수청동,오산스마트캐슬오피스텔,상가·빌딩,기타화재,방문가능,★★★,공식,정보없음,,,,,0,,,0,0,0
dc6406ccea60,2026-09-25T17:23:44+09:00,2026-09-25T19:30:29.841066+09:00,2026-09-25T19:30:52+09:00,서울 북부,사장님,소방출동,서울특별시 서대문구 연희동,,,"일반화재(차량,주택)",진화중,★,공식,정보없음,,,,,0,,,0,0,5
508ac69daeb7,2026-09-25T17:25:32+09:00,,2026-09-25T19:30:52+09:00,경기 동부,권역방,소방출동,경기도 광주시 목현동,모개미마을빌라1차 107-108동 사이 정자,주택·빌라,기타화재,진화중,★,공식,정보없음,,,,,0,,,0,0,0
50aabc1d1260,2026-09-25T17:29:35+09:00,2026-09-25T19:30:29.841066+09:00,2026-09-25T19:30:52+09:00,경기 북부,권역방,소방출동,경기도 고양시 덕양구 화정동,주택,주택·빌라,"일반화재(차량,주택)",방문가능,★★,공식,정보없음,,,,,0,,,0,0,6
00f2cef09214,2026-09-25T17:49:30+09:00,,2026-09-25T19:30:52+09:00,경기 남부,권역방,소방출동,경기도 군포시 산본동,한양백두@상가,상가·빌딩,기타화재,진화중,★★,공식,정보없음,,,,,0,,,0,0,0
9db87e92c24c,2026-09-25T18:07:29+09:00,2026-09-25T19:30:29.841066+09:00,2026-09-25T19:30:52+09:00,서울 남부,사장님,소방출동,서울특별시 구로구 궁동,,,"일반화재(차량,주택)",진화중,★,공식,정보없음,,,,,0,,,0,0,0
aacee897bf9c,2026-09-25T18:25:15+09:00,2026-09-25T19:30:29.841066+09:00,2026-09-25T19:30:52+09:00,경기 동부,사장님,소방출동,경기도 양평군 양평읍 회현리,,,"일반화재(차량,주택)",진화중,★,공식,정보없음,,,,,0,,,0,0,0
edaa2463883f,2026-09-25T18:34:53+09:00,2026-09-25T19:30:29.841066+09:00,2026-09-25T19:30:52+09:00,서울 남부,사장님,소방출동,서울특별시 영등포구 양평동2가,,,"일반화재(차량,주택)",진화중,★,공식,정보없음,,,,,0,,,0,0,0
6c77676db8cd,2026-09-25T18:39:13+09:00,,2026-09-25T19:30:52+09:00,경기 남부,사장님,소방출동,경기도 용인시 수지구 풍덕천동,노인회지회 삼거리,,"일반화재(차량,주택)",방문가능,★★,공식,정보없음,,,,,0,,,0,0,0
f20fc910fdf8,2026-09-25T18:41:54+09:00,2026-09-25T19:30:29.841066+09:00,2026-09-25T19:30:52+09:00,경기 남부,사장님,소방출동,경기도 수원시 팔달구 남창동,,,"일반화재(차량,주택)",방문가능,★★,공식,정보없음,,,,,0,,,0,0,0
7dde86751415,2026-09-25T19:13:26+09:00,2026-09-25T19:30:29.841066+09:00,2026-09-25T19:30:52+09:00,경기 북부,권역방,소방출동,경기도 양주시 장흥면 일영리,경남아너스빌205동1-2라인,주택·빌라,기타화재,진화중,★,공식,정보없음,,,,,0,,,0,0,0
09a23444ae56,2026-09-25T19:18:37+09:00,,2026-09-26T00:29:51+09:00,서울 북부,사장님,소방출동,서울특별시 종로구 홍지동,,,"일반화재(차량,주택)",진화중,,공식,정보없음,,,,,0,,,1,0,1
3ab79857c2cc,2026-09-26T00:16:57+09:00,,2026-09-26T03:30:19+09:00,서울 남부,사장님,소방출동,서울특별시 구로구 구로동,구로하우비,,"일반화재(차량,주택)",진화중,★★★,공식,정보없음,,,,,0,,,0,0,1
281032d22958,2026-09-26T01:13:00+09:00,,2026-09-26T06:27:29+09:00,경기 남부,권역방,소방출동,경기도 안양시 만안구 석수동,석수네스트빌,주택·빌라,기타화재,방문가능,★★★,공식,정보없음,,,,,0,,,0,0,0
54f5075a3392,2026-09-26T01:42:56+09:00,,2026-09-26T06:27:29+09:00,경기 남부,권역방,소방출동,경기도 용인시 수지구 죽전동,현대1차아파트 상가,아파트,기타화재,방문가능,★★★,공식,정보없음,,,,,0,,,0,0,1
c8e9788a3080,2026-09-26T03:26:45+09:00,,2026-09-26T07:13:56+09:00,경기 북부,사장님,소방출동,경기도 파주시 금촌동,,,"일반화재(차량,주택)",진화중,★,공식,정보없음,,,,,0,,,0,0,6
15436160e1cd,2026-09-26T04:56:54+09:00,,2026-09-26T07:13:56+09:00,경기 동부,사장님,소방출동,경기도 여주시 가남읍 신해리,베올리아,,"일반화재(차량,주택)",진화중,,공식,정보없음,,,,,0,,,0,3,0
b8a440740f3f,2026-09-26T05:02:48+09:00,,2026-09-26T07:13:56+09:00,서울 남부,사장님,소방출동,서울특별시 강서구 화곡동,,,"일반화재(차량,주택)",진화중,★,공식,정보없음,,,,,0,,,0,0,5
6937d0cd6edb,2026-09-26T05:13:55+09:00,,2026-09-26T07:13:56+09:00,인천,사장님,소방출동,인천광역시 서해구 석남동,,,"일반화재(차량,주택)",진화중,★,공식,정보없음,,,,,0,,,0,0,0
f57e6b44994d,2026-09-26T06:01:57+09:00,,2026-09-26T07:13:56+09:00,경기 북부,사장님,소방출동,경기도 포천시 선단동,웰카운티,,"일반화재(차량,주택)",진화중,★,공식,정보없음,,,,,0,,,0,0,0
